{"options":{},"indexes":[{"v":1,"key":{"_id":1},"name":"_id_","ns":"kamikazelab.posts"},{"v":1,"unique":true,"key":{"slug":1},"name":"slug_1","ns":"kamikazelab.posts","background":true,"safe":null},{"v":1,"key":{"state":1},"name":"state_1","ns":"kamikazelab.posts","background":true,"safe":null},{"v":1,"key":{"author":1},"name":"author_1","ns":"kamikazelab.posts","background":true,"safe":null},{"v":1,"key":{"publishedDate":1},"name":"publishedDate_1","ns":"kamikazelab.posts","background":true,"safe":null}]}